COD_VAR;LIB_VAR;LIB_VAR_LONG;COD_MOD;LIB_MOD;TYPE_VAR;LONG_VAR
NBMENFISC19;Nombre de ménages fiscaux;Nombre de ménages fiscaux;;;CHAR;7
NBPERSMENFISC19;Nombre de personnes dans les ménages fiscaux;Nombre de personnes dans les ménages fiscaux;;;CHAR;7
MED19;Médiane du niveau vie (€);Médiane du niveau de vie (€);;;CHAR;5
PIMP19;Part des ménages fiscaux imposés (%);Part des ménages fiscaux imposés (%);;;CHAR;4
TP6019;Taux de pauvreté-Ensemble (%);Taux de pauvreté-Ensemble (%);;;CHAR;4
TP60AGE119;Taux de pauvreté-moins de 30 ans (%);Taux de pauvreté des personnes dans les ménages dont le référent fiscal a moins de 30 ans (%);;;CHAR;4
TP60AGE219;Taux de pauvreté-30 à 39 ans  (%);Taux de pauvreté des personnes dans les ménages dont le référent fiscal a de 30 à 39 ans (%);;;CHAR;4
TP60AGE319;Taux de pauvreté-40 à 49 ans (%);Taux de pauvreté des personnes dans les ménages dont le référent fiscal a de 40 à 49 ans (%);;;CHAR;4
TP60AGE419;Taux de pauvreté-50 à 59 ans (%);Taux de pauvreté des personnes dans les ménages dont le référent fiscal a de 50 à 59 ans (%);;;CHAR;4
TP60AGE519;Taux de pauvreté-60 à 74 ans (%);Taux de pauvreté des personnes dans les ménages dont le référent fiscal a de 60 à 74 ans (%);;;CHAR;4
TP60AGE619;Taux de pauvreté-75 ans ou plus (%);Taux de pauvreté des personnes dans les ménages dont le référent fiscal a 75 ans ou plus (%);;;CHAR;4
TP60TOL119;Taux de pauvreté-propriétaires (%);Taux de pauvreté des personnes dans les ménages propriétaires de leur logement (%);;;CHAR;4
TP60TOL219;Taux de pauvreté-locataires (%);Taux de pauvreté des personnes dans les ménages locataires de leur logement (%);;;CHAR;4
PACT19;Part des revenus d'activité (%);Part des revenus d'activité (%);;;CHAR;4
PTSA19;dont part des salaires et traitements (%);dont part des salaires et traitements (%);;;CHAR;4
PCHO19;dont part des indemnités de chômage (%);dont part des indemnités de chômage (%);;;CHAR;3
PBEN19;dont part des revenus des activités non salariées (%);dont part des revenus des activités non salariées (%);;;CHAR;4
PPEN19;Part des pensions, retraites et rentes (%);Part des pensions, retraites et rentes (%);;;CHAR;4
PPAT19;Part des revenus du patrimoine et autres revenus (%);Part des revenus du patrimoine et des autres revenus (%);;;CHAR;4
PPSOC19;Part de l'ensemble des prestations sociales (%);Part de l'ensemble des prestations sociales (%);;;CHAR;4
PPFAM19;dont part des prestations familiales (%);dont part des prestations familiales (%);;;CHAR;3
PPMINI19;dont part des minima sociaux (%);dont part des minima sociaux (%);;;CHAR;4
PPLOGT19;dont part des prestations logement (%);dont part des prestations logement (%);;;CHAR;3
PIMPOT19;Part des impôts (%);Part des impôts (%);;;CHAR;5
D119;1er décile du niveau de vie (€);1er décile du niveau de vie (€);;;CHAR;5
D919;9e décile du niveau de vie (€);9e décile du niveau de vie (€);;;CHAR;5
RD19;Rapport interdécile 9e décile/1er décile;Rapport interdécile 9e décile/1er décile;;;CHAR;3
CODGEO;Code géographique;Code géographique;011;Belley;CHAR;4
CODGEO;Code géographique;Code géographique;012;Bourg-en-Bresse;CHAR;4
CODGEO;Code géographique;Code géographique;013;Gex;CHAR;4
CODGEO;Code géographique;Code géographique;014;Nantua;CHAR;4
CODGEO;Code géographique;Code géographique;021;Château-Thierry;CHAR;4
CODGEO;Code géographique;Code géographique;022;Laon;CHAR;4
CODGEO;Code géographique;Code géographique;023;Saint-Quentin;CHAR;4
CODGEO;Code géographique;Code géographique;024;Soissons;CHAR;4
CODGEO;Code géographique;Code géographique;025;Vervins;CHAR;4
CODGEO;Code géographique;Code géographique;031;Montluçon;CHAR;4
CODGEO;Code géographique;Code géographique;032;Moulins;CHAR;4
CODGEO;Code géographique;Code géographique;033;Vichy;CHAR;4
CODGEO;Code géographique;Code géographique;041;Barcelonnette;CHAR;4
CODGEO;Code géographique;Code géographique;042;Castellane;CHAR;4
CODGEO;Code géographique;Code géographique;043;Digne-les-Bains;CHAR;4
CODGEO;Code géographique;Code géographique;044;Forcalquier;CHAR;4
CODGEO;Code géographique;Code géographique;051;Briançon;CHAR;4
CODGEO;Code géographique;Code géographique;052;Gap;CHAR;4
CODGEO;Code géographique;Code géographique;061;Grasse;CHAR;4
CODGEO;Code géographique;Code géographique;062;Nice;CHAR;4
CODGEO;Code géographique;Code géographique;071;Largentière;CHAR;4
CODGEO;Code géographique;Code géographique;072;Privas;CHAR;4
CODGEO;Code géographique;Code géographique;073;Tournon-sur-Rhône;CHAR;4
CODGEO;Code géographique;Code géographique;081;Charleville-Mézières;CHAR;4
CODGEO;Code géographique;Code géographique;082;Rethel;CHAR;4
CODGEO;Code géographique;Code géographique;083;Sedan;CHAR;4
CODGEO;Code géographique;Code géographique;084;Vouziers;CHAR;4
CODGEO;Code géographique;Code géographique;091;Foix;CHAR;4
CODGEO;Code géographique;Code géographique;092;Pamiers;CHAR;4
CODGEO;Code géographique;Code géographique;093;Saint-Girons;CHAR;4
CODGEO;Code géographique;Code géographique;101;Bar-sur-Aube;CHAR;4
CODGEO;Code géographique;Code géographique;102;Nogent-sur-Seine;CHAR;4
CODGEO;Code géographique;Code géographique;103;Troyes;CHAR;4
CODGEO;Code géographique;Code géographique;111;Carcassonne;CHAR;4
CODGEO;Code géographique;Code géographique;112;Limoux;CHAR;4
CODGEO;Code géographique;Code géographique;113;Narbonne;CHAR;4
CODGEO;Code géographique;Code géographique;121;Millau;CHAR;4
CODGEO;Code géographique;Code géographique;122;Rodez;CHAR;4
CODGEO;Code géographique;Code géographique;123;Villefranche-de-Rouergue;CHAR;4
CODGEO;Code géographique;Code géographique;131;Aix-en-Provence;CHAR;4
CODGEO;Code géographique;Code géographique;132;Arles;CHAR;4
CODGEO;Code géographique;Code géographique;133;Marseille;CHAR;4
CODGEO;Code géographique;Code géographique;134;Istres;CHAR;4
CODGEO;Code géographique;Code géographique;141;Bayeux;CHAR;4
CODGEO;Code géographique;Code géographique;142;Caen;CHAR;4
CODGEO;Code géographique;Code géographique;143;Lisieux;CHAR;4
CODGEO;Code géographique;Code géographique;144;Vire;CHAR;4
CODGEO;Code géographique;Code géographique;151;Aurillac;CHAR;4
CODGEO;Code géographique;Code géographique;152;Mauriac;CHAR;4
CODGEO;Code géographique;Code géographique;153;Saint-Flour;CHAR;4
CODGEO;Code géographique;Code géographique;161;Angoulême;CHAR;4
CODGEO;Code géographique;Code géographique;162;Cognac;CHAR;4
CODGEO;Code géographique;Code géographique;163;Confolens;CHAR;4
CODGEO;Code géographique;Code géographique;171;Jonzac;CHAR;4
CODGEO;Code géographique;Code géographique;172;Rochefort;CHAR;4
CODGEO;Code géographique;Code géographique;173;La Rochelle;CHAR;4
CODGEO;Code géographique;Code géographique;174;Saintes;CHAR;4
CODGEO;Code géographique;Code géographique;175;Saint-Jean-d'Angély;CHAR;4
CODGEO;Code géographique;Code géographique;181;Bourges;CHAR;4
CODGEO;Code géographique;Code géographique;182;Saint-Amand-Montrond;CHAR;4
CODGEO;Code géographique;Code géographique;183;Vierzon;CHAR;4
CODGEO;Code géographique;Code géographique;191;Brive-la-Gaillarde;CHAR;4
CODGEO;Code géographique;Code géographique;192;Tulle;CHAR;4
CODGEO;Code géographique;Code géographique;193;Ussel;CHAR;4
CODGEO;Code géographique;Code géographique;211;Beaune;CHAR;4
CODGEO;Code géographique;Code géographique;212;Dijon;CHAR;4
CODGEO;Code géographique;Code géographique;213;Montbard;CHAR;4
CODGEO;Code géographique;Code géographique;221;Dinan;CHAR;4
CODGEO;Code géographique;Code géographique;222;Guingamp;CHAR;4
CODGEO;Code géographique;Code géographique;223;Lannion;CHAR;4
CODGEO;Code géographique;Code géographique;224;Saint-Brieuc;CHAR;4
CODGEO;Code géographique;Code géographique;231;Aubusson;CHAR;4
CODGEO;Code géographique;Code géographique;232;Guéret;CHAR;4
CODGEO;Code géographique;Code géographique;241;Bergerac;CHAR;4
CODGEO;Code géographique;Code géographique;242;Nontron;CHAR;4
CODGEO;Code géographique;Code géographique;243;Périgueux;CHAR;4
CODGEO;Code géographique;Code géographique;244;Sarlat-la-Canéda;CHAR;4
CODGEO;Code géographique;Code géographique;251;Besançon;CHAR;4
CODGEO;Code géographique;Code géographique;252;Montbéliard;CHAR;4
CODGEO;Code géographique;Code géographique;253;Pontarlier;CHAR;4
CODGEO;Code géographique;Code géographique;261;Die;CHAR;4
CODGEO;Code géographique;Code géographique;262;Nyons;CHAR;4
CODGEO;Code géographique;Code géographique;263;Valence;CHAR;4
CODGEO;Code géographique;Code géographique;271;Les Andelys;CHAR;4
CODGEO;Code géographique;Code géographique;272;Bernay;CHAR;4
CODGEO;Code géographique;Code géographique;273;Évreux;CHAR;4
CODGEO;Code géographique;Code géographique;281;Chartres;CHAR;4
CODGEO;Code géographique;Code géographique;282;Châteaudun;CHAR;4
CODGEO;Code géographique;Code géographique;283;Dreux;CHAR;4
CODGEO;Code géographique;Code géographique;284;Nogent-le-Rotrou;CHAR;4
CODGEO;Code géographique;Code géographique;291;Brest;CHAR;4
CODGEO;Code géographique;Code géographique;292;Châteaulin;CHAR;4
CODGEO;Code géographique;Code géographique;293;Morlaix;CHAR;4
CODGEO;Code géographique;Code géographique;294;Quimper;CHAR;4
CODGEO;Code géographique;Code géographique;2A1;Ajaccio;CHAR;4
CODGEO;Code géographique;Code géographique;2A4;Sartène;CHAR;4
CODGEO;Code géographique;Code géographique;2B2;Bastia;CHAR;4
CODGEO;Code géographique;Code géographique;2B3;Corte;CHAR;4
CODGEO;Code géographique;Code géographique;2B5;Calvi;CHAR;4
CODGEO;Code géographique;Code géographique;301;Alès;CHAR;4
CODGEO;Code géographique;Code géographique;302;Nîmes;CHAR;4
CODGEO;Code géographique;Code géographique;303;Le Vigan;CHAR;4
CODGEO;Code géographique;Code géographique;311;Muret;CHAR;4
CODGEO;Code géographique;Code géographique;312;Saint-Gaudens;CHAR;4
CODGEO;Code géographique;Code géographique;313;Toulouse;CHAR;4
CODGEO;Code géographique;Code géographique;321;Auch;CHAR;4
CODGEO;Code géographique;Code géographique;322;Condom;CHAR;4
CODGEO;Code géographique;Code géographique;323;Mirande;CHAR;4
CODGEO;Code géographique;Code géographique;331;Blaye;CHAR;4
CODGEO;Code géographique;Code géographique;332;Bordeaux;CHAR;4
CODGEO;Code géographique;Code géographique;333;Langon;CHAR;4
CODGEO;Code géographique;Code géographique;334;Lesparre-Médoc;CHAR;4
CODGEO;Code géographique;Code géographique;335;Libourne;CHAR;4
CODGEO;Code géographique;Code géographique;336;Arcachon;CHAR;4
CODGEO;Code géographique;Code géographique;341;Béziers;CHAR;4
CODGEO;Code géographique;Code géographique;342;Lodève;CHAR;4
CODGEO;Code géographique;Code géographique;343;Montpellier;CHAR;4
CODGEO;Code géographique;Code géographique;351;Fougères-Vitré;CHAR;4
CODGEO;Code géographique;Code géographique;352;Redon;CHAR;4
CODGEO;Code géographique;Code géographique;353;Rennes;CHAR;4
CODGEO;Code géographique;Code géographique;354;Saint-Malo;CHAR;4
CODGEO;Code géographique;Code géographique;361;Le Blanc;CHAR;4
CODGEO;Code géographique;Code géographique;362;Châteauroux;CHAR;4
CODGEO;Code géographique;Code géographique;363;La Châtre;CHAR;4
CODGEO;Code géographique;Code géographique;364;Issoudun;CHAR;4
CODGEO;Code géographique;Code géographique;371;Chinon;CHAR;4
CODGEO;Code géographique;Code géographique;372;Tours;CHAR;4
CODGEO;Code géographique;Code géographique;373;Loches;CHAR;4
CODGEO;Code géographique;Code géographique;381;Grenoble;CHAR;4
CODGEO;Code géographique;Code géographique;382;La Tour-du-Pin;CHAR;4
CODGEO;Code géographique;Code géographique;383;Vienne;CHAR;4
CODGEO;Code géographique;Code géographique;391;Dole;CHAR;4
CODGEO;Code géographique;Code géographique;392;Lons-le-Saunier;CHAR;4
CODGEO;Code géographique;Code géographique;393;Saint-Claude;CHAR;4
CODGEO;Code géographique;Code géographique;401;Dax;CHAR;4
CODGEO;Code géographique;Code géographique;402;Mont-de-Marsan;CHAR;4
CODGEO;Code géographique;Code géographique;411;Blois;CHAR;4
CODGEO;Code géographique;Code géographique;412;Vendôme;CHAR;4
CODGEO;Code géographique;Code géographique;413;Romorantin-Lanthenay;CHAR;4
CODGEO;Code géographique;Code géographique;421;Montbrison;CHAR;4
CODGEO;Code géographique;Code géographique;422;Roanne;CHAR;4
CODGEO;Code géographique;Code géographique;423;Saint-Étienne;CHAR;4
CODGEO;Code géographique;Code géographique;431;Brioude;CHAR;4
CODGEO;Code géographique;Code géographique;432;Le Puy-en-Velay;CHAR;4
CODGEO;Code géographique;Code géographique;433;Yssingeaux;CHAR;4
CODGEO;Code géographique;Code géographique;442;Nantes;CHAR;4
CODGEO;Code géographique;Code géographique;443;Saint-Nazaire;CHAR;4
CODGEO;Code géographique;Code géographique;445;Châteaubriant-Ancenis;CHAR;4
CODGEO;Code géographique;Code géographique;451;Montargis;CHAR;4
CODGEO;Code géographique;Code géographique;452;Orléans;CHAR;4
CODGEO;Code géographique;Code géographique;453;Pithiviers;CHAR;4
CODGEO;Code géographique;Code géographique;461;Cahors;CHAR;4
CODGEO;Code géographique;Code géographique;462;Figeac;CHAR;4
CODGEO;Code géographique;Code géographique;463;Gourdon;CHAR;4
CODGEO;Code géographique;Code géographique;471;Agen;CHAR;4
CODGEO;Code géographique;Code géographique;472;Marmande;CHAR;4
CODGEO;Code géographique;Code géographique;473;Villeneuve-sur-Lot;CHAR;4
CODGEO;Code géographique;Code géographique;474;Nérac;CHAR;4
CODGEO;Code géographique;Code géographique;481;Florac;CHAR;4
CODGEO;Code géographique;Code géographique;482;Mende;CHAR;4
CODGEO;Code géographique;Code géographique;491;Angers;CHAR;4
CODGEO;Code géographique;Code géographique;492;Cholet;CHAR;4
CODGEO;Code géographique;Code géographique;493;Saumur;CHAR;4
CODGEO;Code géographique;Code géographique;494;Segré;CHAR;4
CODGEO;Code géographique;Code géographique;501;Avranches;CHAR;4
CODGEO;Code géographique;Code géographique;502;Cherbourg;CHAR;4
CODGEO;Code géographique;Code géographique;503;Coutances;CHAR;4
CODGEO;Code géographique;Code géographique;504;Saint-Lô;CHAR;4
CODGEO;Code géographique;Code géographique;511;Châlons-en-Champagne;CHAR;4
CODGEO;Code géographique;Code géographique;512;Épernay;CHAR;4
CODGEO;Code géographique;Code géographique;513;Reims;CHAR;4
CODGEO;Code géographique;Code géographique;514;Vitry-le-François;CHAR;4
CODGEO;Code géographique;Code géographique;521;Chaumont;CHAR;4
CODGEO;Code géographique;Code géographique;522;Langres;CHAR;4
CODGEO;Code géographique;Code géographique;523;Saint-Dizier;CHAR;4
CODGEO;Code géographique;Code géographique;531;Château-Gontier;CHAR;4
CODGEO;Code géographique;Code géographique;532;Laval;CHAR;4
CODGEO;Code géographique;Code géographique;533;Mayenne;CHAR;4
CODGEO;Code géographique;Code géographique;541;Briey;CHAR;4
CODGEO;Code géographique;Code géographique;542;Lunéville;CHAR;4
CODGEO;Code géographique;Code géographique;543;Nancy;CHAR;4
CODGEO;Code géographique;Code géographique;544;Toul;CHAR;4
CODGEO;Code géographique;Code géographique;551;Bar-le-Duc;CHAR;4
CODGEO;Code géographique;Code géographique;552;Commercy;CHAR;4
CODGEO;Code géographique;Code géographique;553;Verdun;CHAR;4
CODGEO;Code géographique;Code géographique;561;Lorient;CHAR;4
CODGEO;Code géographique;Code géographique;562;Pontivy;CHAR;4
CODGEO;Code géographique;Code géographique;563;Vannes;CHAR;4
CODGEO;Code géographique;Code géographique;573;Forbach-Boulay-Moselle;CHAR;4
CODGEO;Code géographique;Code géographique;575;Sarrebourg-Château-Salins;CHAR;4
CODGEO;Code géographique;Code géographique;576;Sarreguemines;CHAR;4
CODGEO;Code géographique;Code géographique;577;Thionville;CHAR;4
CODGEO;Code géographique;Code géographique;579;Metz;CHAR;4
CODGEO;Code géographique;Code géographique;581;Château-Chinon (Ville);CHAR;4
CODGEO;Code géographique;Code géographique;582;Clamecy;CHAR;4
CODGEO;Code géographique;Code géographique;583;Nevers;CHAR;4
CODGEO;Code géographique;Code géographique;584;Cosne-Cours-sur-Loire;CHAR;4
CODGEO;Code géographique;Code géographique;591;Avesnes-sur-Helpe;CHAR;4
CODGEO;Code géographique;Code géographique;592;Cambrai;CHAR;4
CODGEO;Code géographique;Code géographique;593;Douai;CHAR;4
CODGEO;Code géographique;Code géographique;594;Dunkerque;CHAR;4
CODGEO;Code géographique;Code géographique;595;Lille;CHAR;4
CODGEO;Code géographique;Code géographique;596;Valenciennes;CHAR;4
CODGEO;Code géographique;Code géographique;601;Beauvais;CHAR;4
CODGEO;Code géographique;Code géographique;602;Clermont;CHAR;4
CODGEO;Code géographique;Code géographique;603;Compiègne;CHAR;4
CODGEO;Code géographique;Code géographique;604;Senlis;CHAR;4
CODGEO;Code géographique;Code géographique;611;Alençon;CHAR;4
CODGEO;Code géographique;Code géographique;612;Argentan;CHAR;4
CODGEO;Code géographique;Code géographique;613;Mortagne-au-Perche;CHAR;4
CODGEO;Code géographique;Code géographique;621;Arras;CHAR;4
CODGEO;Code géographique;Code géographique;622;Béthune;CHAR;4
CODGEO;Code géographique;Code géographique;623;Boulogne-sur-Mer;CHAR;4
CODGEO;Code géographique;Code géographique;624;Montreuil;CHAR;4
CODGEO;Code géographique;Code géographique;625;Saint-Omer;CHAR;4
CODGEO;Code géographique;Code géographique;626;Calais;CHAR;4
CODGEO;Code géographique;Code géographique;627;Lens;CHAR;4
CODGEO;Code géographique;Code géographique;631;Ambert;CHAR;4
CODGEO;Code géographique;Code géographique;632;Clermont-Ferrand;CHAR;4
CODGEO;Code géographique;Code géographique;633;Issoire;CHAR;4
CODGEO;Code géographique;Code géographique;634;Riom;CHAR;4
CODGEO;Code géographique;Code géographique;635;Thiers;CHAR;4
CODGEO;Code géographique;Code géographique;641;Bayonne;CHAR;4
CODGEO;Code géographique;Code géographique;642;Oloron-Sainte-Marie;CHAR;4
CODGEO;Code géographique;Code géographique;643;Pau;CHAR;4
CODGEO;Code géographique;Code géographique;651;Argelès-Gazost;CHAR;4
CODGEO;Code géographique;Code géographique;652;Bagnères-de-Bigorre;CHAR;4
CODGEO;Code géographique;Code géographique;653;Tarbes;CHAR;4
CODGEO;Code géographique;Code géographique;661;Céret;CHAR;4
CODGEO;Code géographique;Code géographique;662;Perpignan;CHAR;4
CODGEO;Code géographique;Code géographique;663;Prades;CHAR;4
CODGEO;Code géographique;Code géographique;672;Haguenau-Wissembourg;CHAR;4
CODGEO;Code géographique;Code géographique;673;Molsheim;CHAR;4
CODGEO;Code géographique;Code géographique;674;Saverne;CHAR;4
CODGEO;Code géographique;Code géographique;675;Sélestat-Erstein;CHAR;4
CODGEO;Code géographique;Code géographique;678;Strasbourg;CHAR;4
CODGEO;Code géographique;Code géographique;681;Altkirch;CHAR;4
CODGEO;Code géographique;Code géographique;682;Colmar-Ribeauvillé;CHAR;4
CODGEO;Code géographique;Code géographique;684;Mulhouse;CHAR;4
CODGEO;Code géographique;Code géographique;686;Thann-Guebwiller;CHAR;4
CODGEO;Code géographique;Code géographique;691;Lyon;CHAR;4
CODGEO;Code géographique;Code géographique;692;Villefranche-sur-Saône;CHAR;4
CODGEO;Code géographique;Code géographique;701;Lure;CHAR;4
CODGEO;Code géographique;Code géographique;702;Vesoul;CHAR;4
CODGEO;Code géographique;Code géographique;711;Autun;CHAR;4
CODGEO;Code géographique;Code géographique;712;Chalon-sur-Saône;CHAR;4
CODGEO;Code géographique;Code géographique;713;Charolles;CHAR;4
CODGEO;Code géographique;Code géographique;714;Louhans;CHAR;4
CODGEO;Code géographique;Code géographique;715;Mâcon;CHAR;4
CODGEO;Code géographique;Code géographique;721;La Flèche;CHAR;4
CODGEO;Code géographique;Code géographique;722;Mamers;CHAR;4
CODGEO;Code géographique;Code géographique;723;Le Mans;CHAR;4
CODGEO;Code géographique;Code géographique;731;Albertville;CHAR;4
CODGEO;Code géographique;Code géographique;732;Chambéry;CHAR;4
CODGEO;Code géographique;Code géographique;733;Saint-Jean-de-Maurienne;CHAR;4
CODGEO;Code géographique;Code géographique;741;Annecy;CHAR;4
CODGEO;Code géographique;Code géographique;742;Bonneville;CHAR;4
CODGEO;Code géographique;Code géographique;743;Saint-Julien-en-Genevois;CHAR;4
CODGEO;Code géographique;Code géographique;744;Thonon-les-Bains;CHAR;4
CODGEO;Code géographique;Code géographique;751;Paris;CHAR;4
CODGEO;Code géographique;Code géographique;761;Dieppe;CHAR;4
CODGEO;Code géographique;Code géographique;762;Le Havre;CHAR;4
CODGEO;Code géographique;Code géographique;763;Rouen;CHAR;4
CODGEO;Code géographique;Code géographique;771;Meaux;CHAR;4
CODGEO;Code géographique;Code géographique;772;Melun;CHAR;4
CODGEO;Code géographique;Code géographique;773;Provins;CHAR;4
CODGEO;Code géographique;Code géographique;774;Fontainebleau;CHAR;4
CODGEO;Code géographique;Code géographique;775;Torcy;CHAR;4
CODGEO;Code géographique;Code géographique;781;Mantes-la-Jolie;CHAR;4
CODGEO;Code géographique;Code géographique;782;Rambouillet;CHAR;4
CODGEO;Code géographique;Code géographique;783;Saint-Germain-en-Laye;CHAR;4
CODGEO;Code géographique;Code géographique;784;Versailles;CHAR;4
CODGEO;Code géographique;Code géographique;791;Bressuire;CHAR;4
CODGEO;Code géographique;Code géographique;792;Niort;CHAR;4
CODGEO;Code géographique;Code géographique;793;Parthenay;CHAR;4
CODGEO;Code géographique;Code géographique;801;Abbeville;CHAR;4
CODGEO;Code géographique;Code géographique;802;Amiens;CHAR;4
CODGEO;Code géographique;Code géographique;803;Montdidier;CHAR;4
CODGEO;Code géographique;Code géographique;804;Péronne;CHAR;4
CODGEO;Code géographique;Code géographique;811;Albi;CHAR;4
CODGEO;Code géographique;Code géographique;812;Castres;CHAR;4
CODGEO;Code géographique;Code géographique;821;Castelsarrasin;CHAR;4
CODGEO;Code géographique;Code géographique;822;Montauban;CHAR;4
CODGEO;Code géographique;Code géographique;831;Draguignan;CHAR;4
CODGEO;Code géographique;Code géographique;832;Toulon;CHAR;4
CODGEO;Code géographique;Code géographique;833;Brignoles;CHAR;4
CODGEO;Code géographique;Code géographique;841;Apt;CHAR;4
CODGEO;Code géographique;Code géographique;842;Avignon;CHAR;4
CODGEO;Code géographique;Code géographique;843;Carpentras;CHAR;4
CODGEO;Code géographique;Code géographique;851;Fontenay-le-Comte;CHAR;4
CODGEO;Code géographique;Code géographique;852;La Roche-sur-Yon;CHAR;4
CODGEO;Code géographique;Code géographique;853;Les Sables-d'Olonne;CHAR;4
CODGEO;Code géographique;Code géographique;861;Châtellerault;CHAR;4
CODGEO;Code géographique;Code géographique;862;Montmorillon;CHAR;4
CODGEO;Code géographique;Code géographique;863;Poitiers;CHAR;4
CODGEO;Code géographique;Code géographique;871;Bellac;CHAR;4
CODGEO;Code géographique;Code géographique;872;Limoges;CHAR;4
CODGEO;Code géographique;Code géographique;873;Rochechouart;CHAR;4
CODGEO;Code géographique;Code géographique;881;Épinal;CHAR;4
CODGEO;Code géographique;Code géographique;882;Neufchâteau;CHAR;4
CODGEO;Code géographique;Code géographique;883;Saint-Dié-des-Vosges;CHAR;4
CODGEO;Code géographique;Code géographique;891;Auxerre;CHAR;4
CODGEO;Code géographique;Code géographique;892;Avallon;CHAR;4
CODGEO;Code géographique;Code géographique;893;Sens;CHAR;4
CODGEO;Code géographique;Code géographique;901;Belfort;CHAR;4
CODGEO;Code géographique;Code géographique;911;Étampes;CHAR;4
CODGEO;Code géographique;Code géographique;912;Évry;CHAR;4
CODGEO;Code géographique;Code géographique;913;Palaiseau;CHAR;4
CODGEO;Code géographique;Code géographique;921;Antony;CHAR;4
CODGEO;Code géographique;Code géographique;922;Nanterre;CHAR;4
CODGEO;Code géographique;Code géographique;923;Boulogne-Billancourt;CHAR;4
CODGEO;Code géographique;Code géographique;931;Bobigny;CHAR;4
CODGEO;Code géographique;Code géographique;932;Le Raincy;CHAR;4
CODGEO;Code géographique;Code géographique;933;Saint-Denis;CHAR;4
CODGEO;Code géographique;Code géographique;941;Créteil;CHAR;4
CODGEO;Code géographique;Code géographique;942;Nogent-sur-Marne;CHAR;4
CODGEO;Code géographique;Code géographique;943;L'Haÿ-les-Roses;CHAR;4
CODGEO;Code géographique;Code géographique;951;Argenteuil;CHAR;4
CODGEO;Code géographique;Code géographique;952;Sarcelles;CHAR;4
CODGEO;Code géographique;Code géographique;953;Pontoise;CHAR;4
CODGEO;Code géographique;Code géographique;9721;Fort-de-France;CHAR;4
CODGEO;Code géographique;Code géographique;9722;La Trinité;CHAR;4
CODGEO;Code géographique;Code géographique;9723;Le Marin;CHAR;4
CODGEO;Code géographique;Code géographique;9724;Saint-Pierre;CHAR;4
CODGEO;Code géographique;Code géographique;9741;Saint-Denis;CHAR;4
CODGEO;Code géographique;Code géographique;9742;Saint-Pierre;CHAR;4
CODGEO;Code géographique;Code géographique;9743;Saint-Benoît;CHAR;4
CODGEO;Code géographique;Code géographique;9744;Saint-Paul;CHAR;4
