COD_VAR;LIB_VAR;LIB_VAR_LONG;COD_MOD;LIB_MOD;TYPE_VAR;LONG_VAR
NBMENFISC19;Nombre de ménages fiscaux;Nombre de ménages fiscaux;;;CHAR;7
NBPERSMENFISC19;Nombre de personnes dans les ménages fiscaux;Nombre de personnes dans les ménages fiscaux;;;CHAR;7
MED19;Médiane du niveau vie (€);Médiane du niveau de vie (€);;;CHAR;5
PIMP19;Part des ménages fiscaux imposés (%);Part des ménages fiscaux imposés (%);;;CHAR;4
TP6019;Taux de pauvreté-Ensemble (%);Taux de pauvreté-Ensemble (%);;;CHAR;4
TP60AGE119;Taux de pauvreté-moins de 30 ans (%);Taux de pauvreté des personnes dans les ménages dont le référent fiscal a moins de 30 ans (%);;;CHAR;4
TP60AGE219;Taux de pauvreté-30 à 39 ans  (%);Taux de pauvreté des personnes dans les ménages dont le référent fiscal a de 30 à 39 ans (%);;;CHAR;4
TP60AGE319;Taux de pauvreté-40 à 49 ans (%);Taux de pauvreté des personnes dans les ménages dont le référent fiscal a de 40 à 49 ans (%);;;CHAR;4
TP60AGE419;Taux de pauvreté-50 à 59 ans (%);Taux de pauvreté des personnes dans les ménages dont le référent fiscal a de 50 à 59 ans (%);;;CHAR;4
TP60AGE519;Taux de pauvreté-60 à 74 ans (%);Taux de pauvreté des personnes dans les ménages dont le référent fiscal a de 60 à 74 ans (%);;;CHAR;4
TP60AGE619;Taux de pauvreté-75 ans ou plus (%);Taux de pauvreté des personnes dans les ménages dont le référent fiscal a 75 ans ou plus (%);;;CHAR;4
TP60TOL119;Taux de pauvreté-propriétaires (%);Taux de pauvreté des personnes dans les ménages propriétaires de leur logement (%);;;CHAR;4
TP60TOL219;Taux de pauvreté-locataires (%);Taux de pauvreté des personnes dans les ménages locataires de leur logement (%);;;CHAR;4
PACT19;Part des revenus d'activité (%);Part des revenus d'activité (%);;;CHAR;4
PTSA19;dont part des salaires et traitements (%);dont part des salaires et traitements (%);;;CHAR;4
PCHO19;dont part des indemnités de chômage (%);dont part des indemnités de chômage (%);;;CHAR;3
PBEN19;dont part des revenus des activités non salariées (%);dont part des revenus des activités non salariées (%);;;CHAR;4
PPEN19;Part des pensions, retraites et rentes (%);Part des pensions, retraites et rentes (%);;;CHAR;4
PPAT19;Part des revenus du patrimoine et autres revenus (%);Part des revenus du patrimoine et des autres revenus (%);;;CHAR;4
PPSOC19;Part de l'ensemble des prestations sociales (%);Part de l'ensemble des prestations sociales (%);;;CHAR;4
PPFAM19;dont part des prestations familiales (%);dont part des prestations familiales (%);;;CHAR;3
PPMINI19;dont part des minima sociaux (%);dont part des minima sociaux (%);;;CHAR;4
PPLOGT19;dont part des prestations logement (%);dont part des prestations logement (%);;;CHAR;3
PIMPOT19;Part des impôts (%);Part des impôts (%);;;CHAR;5
D119;1er décile du niveau de vie (€);1er décile du niveau de vie (€);;;CHAR;5
D919;9e décile du niveau de vie (€);9e décile du niveau de vie (€);;;CHAR;5
RD19;Rapport interdécile 9e décile/1er décile;Rapport interdécile 9e décile/1er décile;;;CHAR;3
CODGEO;Code géographique;Code géographique;0051;Alençon;CHAR;4
CODGEO;Code géographique;Code géographique;0052;Arles;CHAR;4
CODGEO;Code géographique;Code géographique;0053;Avignon;CHAR;4
CODGEO;Code géographique;Code géographique;0054;Beauvais;CHAR;4
CODGEO;Code géographique;Code géographique;0055;Bollène-Pierrelatte;CHAR;4
CODGEO;Code géographique;Code géographique;0056;Cosne-Cours-sur-Loire;CHAR;4
CODGEO;Code géographique;Code géographique;0057;Dreux;CHAR;4
CODGEO;Code géographique;Code géographique;0058;La Vallée de la Bresle-Vimeu;CHAR;4
CODGEO;Code géographique;Code géographique;0059;Mâcon;CHAR;4
CODGEO;Code géographique;Code géographique;0060;Nevers;CHAR;4
CODGEO;Code géographique;Code géographique;0061;Nogent-le-Rotrou;CHAR;4
CODGEO;Code géographique;Code géographique;0062;Redon;CHAR;4
CODGEO;Code géographique;Code géographique;0063;Ussel;CHAR;4
CODGEO;Code géographique;Code géographique;0064;Valréas;CHAR;4
CODGEO;Code géographique;Code géographique;0201;Le Centre-Atlantique;CHAR;4
CODGEO;Code géographique;Code géographique;0202;Le Centre agglomération;CHAR;4
CODGEO;Code géographique;Code géographique;0203;Le Nord-Atlantique;CHAR;4
CODGEO;Code géographique;Code géographique;0204;Le Nord-Caraibe;CHAR;4
CODGEO;Code géographique;Code géographique;0205;Le Sud;CHAR;4
CODGEO;Code géographique;Code géographique;0206;Le Sud-Caraibe;CHAR;4
CODGEO;Code géographique;Code géographique;0401;L'Est;CHAR;4
CODGEO;Code géographique;Code géographique;0402;L'Ouest;CHAR;4
CODGEO;Code géographique;Code géographique;0403;Le Nord;CHAR;4
CODGEO;Code géographique;Code géographique;0404;Le Sud;CHAR;4
CODGEO;Code géographique;Code géographique;1101;Cergy-Vexin;CHAR;4
CODGEO;Code géographique;Code géographique;1102;Coulommiers;CHAR;4
CODGEO;Code géographique;Code géographique;1103;Etampes;CHAR;4
CODGEO;Code géographique;Code géographique;1104;Evry;CHAR;4
CODGEO;Code géographique;Code géographique;1105;Fontainebleau-Nemours;CHAR;4
CODGEO;Code géographique;Code géographique;1106;Marne-la-Vallée;CHAR;4
CODGEO;Code géographique;Code géographique;1107;Meaux;CHAR;4
CODGEO;Code géographique;Code géographique;1108;Melun;CHAR;4
CODGEO;Code géographique;Code géographique;1109;Paris;CHAR;4
CODGEO;Code géographique;Code géographique;1110;Provins;CHAR;4
CODGEO;Code géographique;Code géographique;1111;Rambouillet;CHAR;4
CODGEO;Code géographique;Code géographique;1112;Roissy;CHAR;4
CODGEO;Code géographique;Code géographique;1113;Saclay;CHAR;4
CODGEO;Code géographique;Code géographique;1114;Seine-Yvelinoise;CHAR;4
CODGEO;Code géographique;Code géographique;1115;Versailles-Saint-Quentin;CHAR;4
CODGEO;Code géographique;Code géographique;2401;Blois;CHAR;4
CODGEO;Code géographique;Code géographique;2402;Bourges;CHAR;4
CODGEO;Code géographique;Code géographique;2403;Chartres;CHAR;4
CODGEO;Code géographique;Code géographique;2404;Châteaudun;CHAR;4
CODGEO;Code géographique;Code géographique;2405;Châteauroux;CHAR;4
CODGEO;Code géographique;Code géographique;2406;Chinon;CHAR;4
CODGEO;Code géographique;Code géographique;2407;Gien;CHAR;4
CODGEO;Code géographique;Code géographique;2408;Loches;CHAR;4
CODGEO;Code géographique;Code géographique;2409;Montargis;CHAR;4
CODGEO;Code géographique;Code géographique;2410;Orléans;CHAR;4
CODGEO;Code géographique;Code géographique;2411;Pithiviers;CHAR;4
CODGEO;Code géographique;Code géographique;2412;Romorantin-Lanthenay;CHAR;4
CODGEO;Code géographique;Code géographique;2413;Tours;CHAR;4
CODGEO;Code géographique;Code géographique;2414;Vendôme;CHAR;4
CODGEO;Code géographique;Code géographique;2415;Vierzon;CHAR;4
CODGEO;Code géographique;Code géographique;2701;Autun;CHAR;4
CODGEO;Code géographique;Code géographique;2702;Auxerre;CHAR;4
CODGEO;Code géographique;Code géographique;2703;Avallon;CHAR;4
CODGEO;Code géographique;Code géographique;2704;Beaune;CHAR;4
CODGEO;Code géographique;Code géographique;2705;Belfort;CHAR;4
CODGEO;Code géographique;Code géographique;2706;Besançon;CHAR;4
CODGEO;Code géographique;Code géographique;2707;Chalon-sur-Saône;CHAR;4
CODGEO;Code géographique;Code géographique;2708;Charolais;CHAR;4
CODGEO;Code géographique;Code géographique;2709;Châtillon-Montbard;CHAR;4
CODGEO;Code géographique;Code géographique;2710;Creusot-Montceau;CHAR;4
CODGEO;Code géographique;Code géographique;2711;Dijon;CHAR;4
CODGEO;Code géographique;Code géographique;2712;Dole;CHAR;4
CODGEO;Code géographique;Code géographique;2713;Lons-le-Saunier;CHAR;4
CODGEO;Code géographique;Code géographique;2714;Montbéliard;CHAR;4
CODGEO;Code géographique;Code géographique;2715;Pontarlier;CHAR;4
CODGEO;Code géographique;Code géographique;2716;Saint-Claude;CHAR;4
CODGEO;Code géographique;Code géographique;2717;Sens;CHAR;4
CODGEO;Code géographique;Code géographique;2718;Vesoul;CHAR;4
CODGEO;Code géographique;Code géographique;2801;Argentan;CHAR;4
CODGEO;Code géographique;Code géographique;2802;Avranches;CHAR;4
CODGEO;Code géographique;Code géographique;2803;Bernay;CHAR;4
CODGEO;Code géographique;Code géographique;2804;Caen;CHAR;4
CODGEO;Code géographique;Code géographique;2805;Cherbourg en Cotentin;CHAR;4
CODGEO;Code géographique;Code géographique;2806;Coutances;CHAR;4
CODGEO;Code géographique;Code géographique;2807;Dieppe-Caux maritime;CHAR;4
CODGEO;Code géographique;Code géographique;2808;Evreux;CHAR;4
CODGEO;Code géographique;Code géographique;2809;Flers;CHAR;4
CODGEO;Code géographique;Code géographique;2810;Granville;CHAR;4
CODGEO;Code géographique;Code géographique;2811;Honfleur Pont-Audemer;CHAR;4
CODGEO;Code géographique;Code géographique;2812;L'Aigle;CHAR;4
CODGEO;Code géographique;Code géographique;2813;Le Havre;CHAR;4
CODGEO;Code géographique;Code géographique;2814;Lisieux;CHAR;4
CODGEO;Code géographique;Code géographique;2815;Rouen;CHAR;4
CODGEO;Code géographique;Code géographique;2816;Saint-Lô;CHAR;4
CODGEO;Code géographique;Code géographique;2817;Vernon-Gisors;CHAR;4
CODGEO;Code géographique;Code géographique;2818;Vire Normandie;CHAR;4
CODGEO;Code géographique;Code géographique;2819;Yvetot-Vallée du Commerce;CHAR;4
CODGEO;Code géographique;Code géographique;3201;Abbeville;CHAR;4
CODGEO;Code géographique;Code géographique;3202;Amiens;CHAR;4
CODGEO;Code géographique;Code géographique;3203;Arras;CHAR;4
CODGEO;Code géographique;Code géographique;3204;Berck;CHAR;4
CODGEO;Code géographique;Code géographique;3205;Béthune;CHAR;4
CODGEO;Code géographique;Code géographique;3206;Boulogne-sur-Mer;CHAR;4
CODGEO;Code géographique;Code géographique;3207;Calais;CHAR;4
CODGEO;Code géographique;Code géographique;3208;Cambrai;CHAR;4
CODGEO;Code géographique;Code géographique;3209;Château-Thierry;CHAR;4
CODGEO;Code géographique;Code géographique;3210;Compiègne;CHAR;4
CODGEO;Code géographique;Code géographique;3211;Creil;CHAR;4
CODGEO;Code géographique;Code géographique;3212;Douai;CHAR;4
CODGEO;Code géographique;Code géographique;3213;Dunkerque;CHAR;4
CODGEO;Code géographique;Code géographique;3214;Laon;CHAR;4
CODGEO;Code géographique;Code géographique;3215;Lens;CHAR;4
CODGEO;Code géographique;Code géographique;3216;Lille;CHAR;4
CODGEO;Code géographique;Code géographique;3217;Maubeuge;CHAR;4
CODGEO;Code géographique;Code géographique;3218;Roubaix-Tourcoing;CHAR;4
CODGEO;Code géographique;Code géographique;3219;Saint-Omer;CHAR;4
CODGEO;Code géographique;Code géographique;3220;Saint-Quentin;CHAR;4
CODGEO;Code géographique;Code géographique;3221;Soissons;CHAR;4
CODGEO;Code géographique;Code géographique;3222;Valenciennes;CHAR;4
CODGEO;Code géographique;Code géographique;4401;Bar-le-Duc;CHAR;4
CODGEO;Code géographique;Code géographique;4402;Châlons-en-Champagne;CHAR;4
CODGEO;Code géographique;Code géographique;4403;Charleville-Mézières;CHAR;4
CODGEO;Code géographique;Code géographique;4404;Chaumont;CHAR;4
CODGEO;Code géographique;Code géographique;4405;Colmar;CHAR;4
CODGEO;Code géographique;Code géographique;4406;Épernay;CHAR;4
CODGEO;Code géographique;Code géographique;4407;Épinal;CHAR;4
CODGEO;Code géographique;Code géographique;4408;Forbach;CHAR;4
CODGEO;Code géographique;Code géographique;4409;Haguenau;CHAR;4
CODGEO;Code géographique;Code géographique;4410;Metz;CHAR;4
CODGEO;Code géographique;Code géographique;4411;Mulhouse;CHAR;4
CODGEO;Code géographique;Code géographique;4412;Nancy;CHAR;4
CODGEO;Code géographique;Code géographique;4413;Reims;CHAR;4
CODGEO;Code géographique;Code géographique;4414;Remiremont;CHAR;4
CODGEO;Code géographique;Code géographique;4415;Romilly-sur-Seine;CHAR;4
CODGEO;Code géographique;Code géographique;4416;Saint-Avold;CHAR;4
CODGEO;Code géographique;Code géographique;4417;Saint-Dié-des-Vosges;CHAR;4
CODGEO;Code géographique;Code géographique;4418;Saint-Louis;CHAR;4
CODGEO;Code géographique;Code géographique;4419;Sarrebourg;CHAR;4
CODGEO;Code géographique;Code géographique;4420;Sarreguemines;CHAR;4
CODGEO;Code géographique;Code géographique;4421;Sedan;CHAR;4
CODGEO;Code géographique;Code géographique;4422;Sélestat;CHAR;4
CODGEO;Code géographique;Code géographique;4423;Strasbourg;CHAR;4
CODGEO;Code géographique;Code géographique;4424;Thionville;CHAR;4
CODGEO;Code géographique;Code géographique;4425;Troyes;CHAR;4
CODGEO;Code géographique;Code géographique;4426;Verdun;CHAR;4
CODGEO;Code géographique;Code géographique;4427;Vitry-le-François Saint-Dizier;CHAR;4
CODGEO;Code géographique;Code géographique;5201;Ancenis;CHAR;4
CODGEO;Code géographique;Code géographique;5202;Angers;CHAR;4
CODGEO;Code géographique;Code géographique;5203;Challans;CHAR;4
CODGEO;Code géographique;Code géographique;5204;Château-Gontier;CHAR;4
CODGEO;Code géographique;Code géographique;5205;Châteaubriant;CHAR;4
CODGEO;Code géographique;Code géographique;5206;Cholet;CHAR;4
CODGEO;Code géographique;Code géographique;5207;Fontenay-le-Comte;CHAR;4
CODGEO;Code géographique;Code géographique;5208;La Ferté-Bernard;CHAR;4
CODGEO;Code géographique;Code géographique;5209;La Flèche;CHAR;4
CODGEO;Code géographique;Code géographique;5210;La Roche-sur-Yon;CHAR;4
CODGEO;Code géographique;Code géographique;5211;Laval;CHAR;4
CODGEO;Code géographique;Code géographique;5212;Le Mans;CHAR;4
CODGEO;Code géographique;Code géographique;5213;Les Herbiers-Montaigu;CHAR;4
CODGEO;Code géographique;Code géographique;5214;Les Sables-d'Olonne;CHAR;4
CODGEO;Code géographique;Code géographique;5215;Mayenne;CHAR;4
CODGEO;Code géographique;Code géographique;5216;Nantes;CHAR;4
CODGEO;Code géographique;Code géographique;5217;Pornic;CHAR;4
CODGEO;Code géographique;Code géographique;5218;Sablé-sur-Sarthe;CHAR;4
CODGEO;Code géographique;Code géographique;5219;Saint-Nazaire;CHAR;4
CODGEO;Code géographique;Code géographique;5220;Saumur;CHAR;4
CODGEO;Code géographique;Code géographique;5221;Segré-en-Anjou Bleu;CHAR;4
CODGEO;Code géographique;Code géographique;5301;Auray;CHAR;4
CODGEO;Code géographique;Code géographique;5302;Brest;CHAR;4
CODGEO;Code géographique;Code géographique;5303;Carhaix-Plouguer;CHAR;4
CODGEO;Code géographique;Code géographique;5304;Dinan;CHAR;4
CODGEO;Code géographique;Code géographique;5305;Fougères;CHAR;4
CODGEO;Code géographique;Code géographique;5306;Guingamp;CHAR;4
CODGEO;Code géographique;Code géographique;5307;Lamballe-Armor;CHAR;4
CODGEO;Code géographique;Code géographique;5308;Lannion;CHAR;4
CODGEO;Code géographique;Code géographique;5309;Lorient;CHAR;4
CODGEO;Code géographique;Code géographique;5310;Morlaix;CHAR;4
CODGEO;Code géographique;Code géographique;5311;Ploërmel;CHAR;4
CODGEO;Code géographique;Code géographique;5312;Pontivy-Loudéac;CHAR;4
CODGEO;Code géographique;Code géographique;5313;Quimper;CHAR;4
CODGEO;Code géographique;Code géographique;5314;Quimperlé;CHAR;4
CODGEO;Code géographique;Code géographique;5315;Rennes;CHAR;4
CODGEO;Code géographique;Code géographique;5316;Saint-Brieuc;CHAR;4
CODGEO;Code géographique;Code géographique;5317;Saint-Malo;CHAR;4
CODGEO;Code géographique;Code géographique;5318;Vannes;CHAR;4
CODGEO;Code géographique;Code géographique;5319;Vitré;CHAR;4
CODGEO;Code géographique;Code géographique;7501;Agen;CHAR;4
CODGEO;Code géographique;Code géographique;7502;Angoulême;CHAR;4
CODGEO;Code géographique;Code géographique;7503;Bayonne;CHAR;4
CODGEO;Code géographique;Code géographique;7504;Bergerac;CHAR;4
CODGEO;Code géographique;Code géographique;7505;Bordeaux;CHAR;4
CODGEO;Code géographique;Code géographique;7506;Bressuire;CHAR;4
CODGEO;Code géographique;Code géographique;7507;Brive-la-Gaillarde;CHAR;4
CODGEO;Code géographique;Code géographique;7508;Châtellerault;CHAR;4
CODGEO;Code géographique;Code géographique;7509;Cognac;CHAR;4
CODGEO;Code géographique;Code géographique;7510;Dax;CHAR;4
CODGEO;Code géographique;Code géographique;7511;Guéret;CHAR;4
CODGEO;Code géographique;Code géographique;7512;La Rochelle;CHAR;4
CODGEO;Code géographique;Code géographique;7513;La Teste-de-Buch;CHAR;4
CODGEO;Code géographique;Code géographique;7514;Langon;CHAR;4
CODGEO;Code géographique;Code géographique;7515;Lesparre-Médoc;CHAR;4
CODGEO;Code géographique;Code géographique;7516;Libourne;CHAR;4
CODGEO;Code géographique;Code géographique;7517;Limoges;CHAR;4
CODGEO;Code géographique;Code géographique;7518;Marmande;CHAR;4
CODGEO;Code géographique;Code géographique;7519;Mont-de-Marsan;CHAR;4
CODGEO;Code géographique;Code géographique;7520;Niort;CHAR;4
CODGEO;Code géographique;Code géographique;7521;Oloron-Sainte-Marie;CHAR;4
CODGEO;Code géographique;Code géographique;7522;Pau;CHAR;4
CODGEO;Code géographique;Code géographique;7523;Périgueux;CHAR;4
CODGEO;Code géographique;Code géographique;7524;Poitiers;CHAR;4
CODGEO;Code géographique;Code géographique;7525;Rochefort;CHAR;4
CODGEO;Code géographique;Code géographique;7526;Royan;CHAR;4
CODGEO;Code géographique;Code géographique;7527;Saint-Junien;CHAR;4
CODGEO;Code géographique;Code géographique;7528;Saintes;CHAR;4
CODGEO;Code géographique;Code géographique;7529;Sarlat-La-Canéda;CHAR;4
CODGEO;Code géographique;Code géographique;7530;Thouars;CHAR;4
CODGEO;Code géographique;Code géographique;7531;Tulle;CHAR;4
CODGEO;Code géographique;Code géographique;7532;Villeneuve-sur-Lot;CHAR;4
CODGEO;Code géographique;Code géographique;7601;Agde-Pézenas;CHAR;4
CODGEO;Code géographique;Code géographique;7602;Albi;CHAR;4
CODGEO;Code géographique;Code géographique;7603;Alès-Le Vigan;CHAR;4
CODGEO;Code géographique;Code géographique;7604;Auch;CHAR;4
CODGEO;Code géographique;Code géographique;7605;Bagnols-sur-Cèze;CHAR;4
CODGEO;Code géographique;Code géographique;7606;Béziers;CHAR;4
CODGEO;Code géographique;Code géographique;7607;Cahors;CHAR;4
CODGEO;Code géographique;Code géographique;7608;Carcassonne-Limoux;CHAR;4
CODGEO;Code géographique;Code géographique;7609;Castelsarrasin-Moissac;CHAR;4
CODGEO;Code géographique;Code géographique;7610;Castres-Mazamet;CHAR;4
CODGEO;Code géographique;Code géographique;7611;Figeac-Villefranche;CHAR;4
CODGEO;Code géographique;Code géographique;7612;Foix-Pamiers;CHAR;4
CODGEO;Code géographique;Code géographique;7613;Mende;CHAR;4
CODGEO;Code géographique;Code géographique;7614;Millau;CHAR;4
CODGEO;Code géographique;Code géographique;7615;Montauban;CHAR;4
CODGEO;Code géographique;Code géographique;7616;Montpellier;CHAR;4
CODGEO;Code géographique;Code géographique;7617;Narbonne;CHAR;4
CODGEO;Code géographique;Code géographique;7618;Nîmes;CHAR;4
CODGEO;Code géographique;Code géographique;7619;Nord-du-Lot;CHAR;4
CODGEO;Code géographique;Code géographique;7620;Perpignan;CHAR;4
CODGEO;Code géographique;Code géographique;7621;Rodez;CHAR;4
CODGEO;Code géographique;Code géographique;7622;Saint-Gaudens;CHAR;4
CODGEO;Code géographique;Code géographique;7623;Sète;CHAR;4
CODGEO;Code géographique;Code géographique;7624;Tarbes-Lourdes;CHAR;4
CODGEO;Code géographique;Code géographique;7625;Toulouse;CHAR;4
CODGEO;Code géographique;Code géographique;8401;Annecy;CHAR;4
CODGEO;Code géographique;Code géographique;8402;Aubenas;CHAR;4
CODGEO;Code géographique;Code géographique;8403;Aurillac;CHAR;4
CODGEO;Code géographique;Code géographique;8404;Belley;CHAR;4
CODGEO;Code géographique;Code géographique;8405;Bourg en Bresse;CHAR;4
CODGEO;Code géographique;Code géographique;8406;Bourgoin-Jallieu;CHAR;4
CODGEO;Code géographique;Code géographique;8407;Chambéry;CHAR;4
CODGEO;Code géographique;Code géographique;8408;Clermont-Ferrand;CHAR;4
CODGEO;Code géographique;Code géographique;8409;Grenoble;CHAR;4
CODGEO;Code géographique;Code géographique;8410;Issoire;CHAR;4
CODGEO;Code géographique;Code géographique;8411;La Maurienne;CHAR;4
CODGEO;Code géographique;Code géographique;8412;La Plaine du Forez;CHAR;4
CODGEO;Code géographique;Code géographique;8413;La Tarentaise;CHAR;4
CODGEO;Code géographique;Code géographique;8414;La Vallée de l'Arve;CHAR;4
CODGEO;Code géographique;Code géographique;8415;Le Chablais;CHAR;4
CODGEO;Code géographique;Code géographique;8416;Le Genevois Français;CHAR;4
CODGEO;Code géographique;Code géographique;8417;Le Livradois;CHAR;4
CODGEO;Code géographique;Code géographique;8418;Le Mont Blanc;CHAR;4
CODGEO;Code géographique;Code géographique;8419;Le Puy en Velay;CHAR;4
CODGEO;Code géographique;Code géographique;8420;Les Sources de la Loire;CHAR;4
CODGEO;Code géographique;Code géographique;8421;Lyon;CHAR;4
CODGEO;Code géographique;Code géographique;8422;Montélimar;CHAR;4
CODGEO;Code géographique;Code géographique;8423;Montluçon;CHAR;4
CODGEO;Code géographique;Code géographique;8424;Moulins;CHAR;4
CODGEO;Code géographique;Code géographique;8425;Oyonnax;CHAR;4
CODGEO;Code géographique;Code géographique;8426;Roanne;CHAR;4
CODGEO;Code géographique;Code géographique;8427;Romans sur Isère;CHAR;4
CODGEO;Code géographique;Code géographique;8428;Saint Etienne;CHAR;4
CODGEO;Code géographique;Code géographique;8429;Saint Flour;CHAR;4
CODGEO;Code géographique;Code géographique;8430;Tarare;CHAR;4
CODGEO;Code géographique;Code géographique;8431;Valence;CHAR;4
CODGEO;Code géographique;Code géographique;8432;Vichy;CHAR;4
CODGEO;Code géographique;Code géographique;8433;Vienne-Annonay;CHAR;4
CODGEO;Code géographique;Code géographique;8434;Villefranche-sur-Saône;CHAR;4
CODGEO;Code géographique;Code géographique;8435;Voiron;CHAR;4
CODGEO;Code géographique;Code géographique;9301;Aix-en-Provence;CHAR;4
CODGEO;Code géographique;Code géographique;9302;Briançon;CHAR;4
CODGEO;Code géographique;Code géographique;9303;Brignoles;CHAR;4
CODGEO;Code géographique;Code géographique;9304;Cannes;CHAR;4
CODGEO;Code géographique;Code géographique;9305;Carpentras;CHAR;4
CODGEO;Code géographique;Code géographique;9306;Cavaillon;CHAR;4
CODGEO;Code géographique;Code géographique;9307;Digne-les-Bains;CHAR;4
CODGEO;Code géographique;Code géographique;9308;Draguignan;CHAR;4
CODGEO;Code géographique;Code géographique;9309;Fréjus;CHAR;4
CODGEO;Code géographique;Code géographique;9310;Gap;CHAR;4
CODGEO;Code géographique;Code géographique;9311;Manosque;CHAR;4
CODGEO;Code géographique;Code géographique;9312;Marseille;CHAR;4
CODGEO;Code géographique;Code géographique;9313;Martigues-Salon;CHAR;4
CODGEO;Code géographique;Code géographique;9314;Menton;CHAR;4
CODGEO;Code géographique;Code géographique;9315;Nice;CHAR;4
CODGEO;Code géographique;Code géographique;9316;Orange;CHAR;4
CODGEO;Code géographique;Code géographique;9317;Sainte-Maxime;CHAR;4
CODGEO;Code géographique;Code géographique;9318;Toulon;CHAR;4
CODGEO;Code géographique;Code géographique;9401;Ajaccio;CHAR;4
CODGEO;Code géographique;Code géographique;9402;Bastia;CHAR;4
CODGEO;Code géographique;Code géographique;9403;Calvi;CHAR;4
CODGEO;Code géographique;Code géographique;9404;Corte;CHAR;4
CODGEO;Code géographique;Code géographique;9405;Ghisonaccia;CHAR;4
CODGEO;Code géographique;Code géographique;9406;Porto-Vecchio;CHAR;4
CODGEO;Code géographique;Code géographique;9407;Propriano;CHAR;4
