COD_VAR;LIB_VAR;LIB_VAR_LONG;COD_MOD;LIB_MOD;TYPE_VAR;LONG_VAR
NBMENFISC19;Nombre de ménages fiscaux;Nombre de ménages fiscaux;;;CHAR;8
NBPERSMENFISC19;Nombre de personnes dans les ménages fiscaux;Nombre de personnes dans les ménages fiscaux;;;CHAR;8
MED19;Médiane du niveau vie (€);Médiane du niveau de vie (€);;;CHAR;5
PIMP19;Part des ménages fiscaux imposés (%);Part des ménages fiscaux imposés (%);;;CHAR;4
TP6019;Taux de pauvreté-Ensemble (%);Taux de pauvreté-Ensemble (%);;;CHAR;4
TP60AGE119;Taux de pauvreté-moins de 30 ans (%);Taux de pauvreté des personnes dans les ménages dont le référent fiscal a moins de 30 ans (%);;;CHAR;4
TP60AGE219;Taux de pauvreté-30 à 39 ans  (%);Taux de pauvreté des personnes dans les ménages dont le référent fiscal a de 30 à 39 ans (%);;;CHAR;4
TP60AGE319;Taux de pauvreté-40 à 49 ans (%);Taux de pauvreté des personnes dans les ménages dont le référent fiscal a de 40 à 49 ans (%);;;CHAR;4
TP60AGE419;Taux de pauvreté-50 à 59 ans (%);Taux de pauvreté des personnes dans les ménages dont le référent fiscal a de 50 à 59 ans (%);;;CHAR;4
TP60AGE519;Taux de pauvreté-60 à 74 ans (%);Taux de pauvreté des personnes dans les ménages dont le référent fiscal a de 60 à 74 ans (%);;;CHAR;4
TP60AGE619;Taux de pauvreté-75 ans ou plus (%);Taux de pauvreté des personnes dans les ménages dont le référent fiscal a 75 ans ou plus (%);;;CHAR;3
TP60TOL119;Taux de pauvreté-propriétaires (%);Taux de pauvreté des personnes dans les ménages propriétaires de leur logement (%);;;CHAR;3
TP60TOL219;Taux de pauvreté-locataires (%);Taux de pauvreté des personnes dans les ménages locataires de leur logement (%);;;CHAR;4
PACT19;Part des revenus d'activité (%);Part des revenus d'activité (%);;;CHAR;4
PTSA19;dont part des salaires et traitements (%);dont part des salaires et traitements (%);;;CHAR;4
PCHO19;dont part des indemnités de chômage (%);dont part des indemnités de chômage (%);;;CHAR;3
PBEN19;dont part des revenus des activités non salariées (%);dont part des revenus des activités non salariées (%);;;CHAR;3
PPEN19;Part des pensions, retraites et rentes (%);Part des pensions, retraites et rentes (%);;;CHAR;4
PPAT19;Part des revenus du patrimoine et autres revenus (%);Part des revenus du patrimoine et des autres revenus (%);;;CHAR;4
PPSOC19;Part de l'ensemble des prestations sociales (%);Part de l'ensemble des prestations sociales (%);;;CHAR;3
PPFAM19;dont part des prestations familiales (%);dont part des prestations familiales (%);;;CHAR;1
PPMINI19;dont part des minima sociaux (%);dont part des minima sociaux (%);;;CHAR;3
PPLOGT19;dont part des prestations logement (%);dont part des prestations logement (%);;;CHAR;3
PIMPOT19;Part des impôts (%);Part des impôts (%);;;CHAR;5
D119;1er décile du niveau de vie (€);1er décile du niveau de vie (€);;;CHAR;5
D919;9e décile du niveau de vie (€);9e décile du niveau de vie (€);;;CHAR;5
RD19;Rapport interdécile 9e décile/1er décile;Rapport interdécile 9e décile/1er décile;;;CHAR;3
CODGEO;Code géographique;Code géographique;1;France métropolitaine;CHAR;1
